Workbook
Name bhp: #REF!
Name bht: #REF!
Name Clear_Joblog: #REF!
Name csg: '[1]ATS Report'!#REF!
Name delete: 'DST-2 Calc 17.2 ppg'!delete
Name delete: [0]!delete
Name Delete_Comment: #REF!
Name Final_Joblog: #REF!
Name gas_cumm: '[1]ATS Report'!#REF!
Name gas_time: #REF!
Name gasrate: '[1]ATS Report'!#REF!
Name gor: '[1]ATS Report'!#REF!
Name Insert_Comment: #REF!
Name ogr: '[2]Test Data'!$T$8:$T$16,'[2]Test Data'!$T$18:$T$122,'[2]Test Data'!$T$132:$T$247
Name oil_cumm: '[1]ATS Report'!#REF!
Name oilrate: '[1]ATS Report'!#REF!
Name salinity: '[1]ATS Report'!#REF!
Name sep_press: '[1]ATS Report'!#REF!
Name sep_temp: '[1]ATS Report'!#REF!
Name Set_LOCK_OFF: #REF!
Name Set_WTR_RATE: #REF!
Name ShowDialog: 'DST-2 Calc 17.2 ppg'!ShowDialog
Name ShowDialog: [0]!ShowDialog
Name SORT: #REF!
Name wtr_cumm: '[1]ATS Report'!#REF!
Name wtr_rate: '[1]ATS Report'!#REF!

Sheet DST-2 -XHP Packer
B2: HALLIBURTON TOOL STRING SCHEMATIC WITH 7"# 35 PPF RETRIEVABLE XHP CHAMP PACKER-V
H3: CUSTOMER: | J3: ONGC | L3: TEST: | M3: DST-2 | O3: VERSION:
H4: WELL NAME: | J4: D33#G/ D-33-9 | L4: RIG: | M4: GD Chetna | O4: Final
H5: FORMATION: | J5: Panna/ Sandstone | L5: DATE: | M5: 45046
C6: Description | J6: TOOL NUMBER | K6: COMPANY | L6: BOX | M6: PIN | N6: OD (in) | O6: ID (in) | P6: Length (m) | Q6: Top Of Tool MD (Mtr) | R6: Bottom Of Tool MD (Mtr) | T6: Hydrostatic With 11.6 ppg | U6: Volume | V6: Cum Volume
C7: X-over 7" Bowen BOX X 5-3/4" SA PIN | J7: ` | K7: EXPRO | L7: 7" Bowen | M7: 5 3/4" SA Pin | N7: 7 | O7: 3 | P7: 0.21 | Q7: =Q8-P7 -> -5.98 | R7: =Q7+P7 -> -5.77 | U7: =0.0009714*O7*O7*P7*3.281 -> 0.0060237388 | V7: =U7 -> 0.0060237388
C8: HANDLING SUB | K8: EXPRO | L8: 5-3/4" SA Box | M8: 5 3/4" SA Pin | N8: 5 | O8: 3 | P8: 1.1 | Q8: =Q9-P8 -> -5.77 | R8: =Q8+P8 -> -4.67 | U8: =0.0009714*O8*O8*P8*3.281 -> 0.031552918 | V8: =V7+U8 -> 0.037576656
C9: SURFACE TEST TREE + Master Valve | K9: EXPRO | L9: 5-3/4" SA Box | M9: 5-3/4" SA Pin | N9: N/A | O9: 3 | P9: 2 | Q9: =Q10-P9 -> -4.67 | R9: =Q9+P9 -> -2.67 | U9: =0.0009714*O9*O9*P9*3.281 -> 0.057368941 | V9: =V8+U9 -> 0.094945598
C10: PRESSURE BALANCED SWIVEL | K10: EXPRO | L10: 5-3/4" SA Box | M10: 5-3/4" SA PIN | N10: 20 | O10: 3 | P10: 0.61 | Q10: =Q11-P10 -> -2.67 | R10: =Q10+P10 -> -2.06 | U10: =0.0009714*O10*O10*P10*3.281 -> 0.017497527 | V10: =V9+U10 -> 0.11244312
C11: Saver Sub | K11: EXPRO | L11: 5-3/4" SA Box | M11: 5-3/4" SA BOX | N11: 8 | O11: 3 | P11: 0.46 | Q11: =Q12-P11 -> -2.06 | R11: =Q11+P11 -> -1.6 | U11: =0.0009714*O11*O11*P11*3.281 -> 0.013194856 | V11: =V10+U11 -> 0.12563798
C12: X-Over 5-3/4" SA PIN X 5-3/4" SA PIN | K12: EXPRO | L12: 5-3/4" SA PIN | M12: 5-3/4" SA PIN | N12: 8 | O12: 3 | P12: 0.13 | Q12: =Q13-P12 -> -1.6 | R12: =Q12+P12 -> -1.47 | U12: =0.0009714*O12*O12*P12*3.281 -> 0.0037289812 | V12: =V11+U12 -> 0.12936696
C13: Stiff Joint Expro | I13: RKB | K13: EXPRO | L13: 5-3/4" SA Box | M13: 5-3/4" SA PIN | N13: 8 | O13: 3 | P13: 2.88 | Q13: =Q14-P13 -> -1.47 | R13: =Q13+P13 -> 1.41 | T13: =R13*0.1706*11.6 -> 2.7903336 | U13: =0.0009714*O13*O13*P13*3.281 -> 0.082611275 | V13: =V12+U13 -> 0.21197824
C14: X-Over 5-3/4" SA BOX X 5-3/4" BOX | K14: EXPRO | L14: 5 3/4" SA Box | M14: 5 3/4" SA Box | N14: 8 | O14: 3 | P14: 0.465 | Q14: =Q15-P14 -> 1.41 | R14: =Q14+P14 -> 1.875 | U14: =0.0009714*O14*O14*P14*3.281 -> 0.013338279 | V14: =V13+U14 -> 0.22531652
C15: X-Over 5-3/4" SA PIN X 5-3/4" SA PIN | K15: EXPRO | L15: 5-3/4" SA PIN | M15: 5-3/4" SA PIN | N15: 8 | O15: 2.75 | P15: 0.125 | Q15: =Q16-P15 -> 1.875 | R15: =Q15+P15 -> 2 | U15: =0.0009714*O15*O15*P15*3.281 -> 0.0030128654 | V15: =V14+U15 -> 0.22832938
C16: Stiff Joint Expro | K16: EXPRO | L16: 5-3/4" SA Box | M16: 5-3/4" SA PIN | N16: 8 | O16: 3 | P16: 2.88 | Q16: =Q17-P16 -> 2 | R16: =Q16+P16 -> 4.88 | U16: =0.0009714*O16*O16*P16*3.281 -> 0.082611275 | V16: =V15+U16 -> 0.31094066
C17: X-Over 5-3/4" SA BOX 4-1/2 BGT-2 PIN | K17: EXPRO | L17: 5 3/4" SA Box | M17: 4-1/2 BGT-2 PIN | N17: 8 | O17: 3 | P17: 0.48 | Q17: =Q18-P17 -> 4.88 | R17: =Q17+P17 -> 5.36 | U17: =0.0009714*O17*O17*P17*3.281 -> 0.013768546 | V17: =V16+U17 -> 0.3247092
C18: Pup Joint 4-1/2 # 23.7 PPF BGT -2 ( BOX-X BOX) | K18: ONGC | L18: 4-1/2 BGT-2 BOX | M18: 4-1/2 BGT-2 BOX | N18: 4.5 | O18: 3 | P18: 2.6 | Q18: =Q19-P18 -> 5.36 | R18: =Q18+P18 -> 7.96 | U18: =0.0009714*O18*O18*P18*3.281 -> 0.074579624 | V18: =V17+U18 -> 0.39928883
C19: X-Over X 4-1/2 BGT-2 PIN X 5-3/4" SABOX | K19: EXPRO | L19: 4-1/2 BGT-1 PIN | M19: 5 3/4" SA Box | N19: 8 | O19: 3 | P19: 0.505 | Q19: =Q20-P19 -> 7.96 | R19: =Q19+P19 -> 8.465 | U19: =0.0009714*O19*O19*P19*3.281 -> 0.014485658 | V19: =V18+U19 -> 0.41377448
C20: Stiff Joint Expro | K20: EXPRO | L20: 5 3/4" SA PIN | M20: 5-3/4" SA BOX | N20: 8 | O20: 3 | P20: 1.22 | Q20: =Q21-P20 -> 8.465 | R20: =Q20+P20 -> 9.685 | U20: =0.0009714*O20*O20*P20*3.281 -> 0.034995054 | V20: =V19+U20 -> 0.44876954
C21: X-Over 5-3/4" SA PIN X 5-3/4" SA PIN | K21: HAL | L21: 5-3/4" SA PIN | M21: 5-3/4" SA PIN | N21: 8 | O21: 2.75 | P21: 0.355 | Q21: =Q22-P21 -> 9.685 | R21: =Q21+P21 -> 10.04 | U21: =0.0009714*O21*O21*P21*3.281 -> 0.0085565377 | V21: =V20+U21 -> 0.45732608
C22: SSV Handling Sub | K22: HAL | L22: 5- 3/4" SA Box | M22: 5 " SA PIN | N22: 8 | O22: 3 | P22: 1.63 | Q22: =Q23-P22 -> 10.04 | R22: =Q22+P22 -> 11.67 | U22: =0.0009714*O22*O22*P22*3.281 -> 0.046755687 | V22: =V21+U22 -> 0.50408176
C23: SSV Top to Center of Ramlock 5" OD | K23: HAL | L23: 5 " SA BOX | M23: N/A | N23: 8 | O23: 3 | P23: 0.47 | Q23: =Q24-P23 -> 11.67 | R23: =Q23+P23 -> 12.14 | U23: =0.0009714*O23*O23*P23*3.281 -> 0.013481701 | V23: =V22+U23 -> 0.51756346
C24: SSV Center of Ramlock to Bottom of SSV ( Center Of 5" RAM 12.14 m) | K24: HAL | L24: N/A | M24: 5" 4 ACME BOX | N24: 8 | O24: 3 | P24: 1.525 | Q24: =Q25-P24 -> 12.14 | R24: =Q24+P24 -> 13.665 | T24: =R24*0.1706*11.6 -> 27.042488 | U24: =0.0009714*O24*O24*P24*3.281 -> 0.043743818 | V24: =V23+U24 -> 0.56130728
C25: X-OVER 5"4 ACME PIN X 3 1/2 ABTC-II #15.8 PPF PIN | K25: HAL | L25: 5" 4 ACME PIN | M25: 3-1/2 VAS | N25: 6 | O25: 2.54 | P25: 0.33 | Q25: =Q26-P25 -> 13.665 | R25: =Q25+P25 -> 13.995 | T25: =R25*0.1706*11.6 -> 27.695545 | U25: =0.0009714*O25*O25*P25*3.281 -> 0.0067855601 | V25: =V24+U25 -> 0.56809284
C26: X-OVER 3-1/2 ABTC-II # 15.8 B X 3-7/8 CAS PIN | K26: HAL | L26: 5" 4 ACME PIN | M26: 3-1/2 VAS | N26: 6 | O26: 2.54 | P26: 0.433 | Q26: =Q27-P26 -> 13.995 | R26: =Q26+P26 -> 14.428 | T26: =R26*0.1706*11.6 -> 28.552435 | U26: =0.0009714*O26*O26*P26*3.281 -> 0.0089034774 | V26: =V25+U26 -> 0.57699632
C27: X-OVER 3-7/8 CAS B X 3-1/2" VAS #15.5PPF PIN | K27: HAL | L27: 5" 4 ACME PIN | M27: 3-1/2 VAS | N27: 6 | O27: 2.54 | P27: 0.49 | Q27: =Q28-P27 -> 14.428 | R27: =Q27+P27 -> 14.918 | T27: =R27*0.1706*11.6 -> 29.522125 | U27: =0.0009714*O27*O27*P27*3.281 -> 0.010075529 | V27: =V26+U27 -> 0.58707185
C28: Tubing 3-1/2 VAS #15.5 PPF ( 1 STAND ) | K28: ONGC | L28: 3-1/2 VAS | M28: 3-1/2 VAS | N28: 3.5 | O28: 2.54 | P28: 28.86 | Q28: =Q29-P28 -> 14.918 | R28: =Q28+P28 -> 43.778 | U28: =0.0009714*O28*O28*P28*3.281 -> 0.59342808 | V28: =V26+U28 -> 1.1704244
C29: Pup Joint 3-1/2 VAS #15.5 PPF | K29: ONGC | L29: 3-1/2 VAS | M29: 3-1/2 VAS | N29: 3.5 | O29: 2.54 | P29: 2.35 | Q29: =Q30-P29 -> 43.778 | R29: =Q29+P29 -> 46.128 | U29: =0.0009714*O29*O29*P29*3.281 -> 0.048321413 | V29: =V27+U29 -> 0.63539326
C30: Pup Joint 3-1/2 VAS #15.5 PPF | K30: ONGC | L30: 3-1/2 VAS | M30: 3-1/2 VAS | N30: 3.5 | O30: 2.54 | P30: 2.35 | Q30: =Q31-P30 -> 46.128 | R30: =Q30+P30 -> 48.478 | U30: =0.0009714*O30*O30*P30*3.281 -> 0.048321413 | V30: =V29+U30 -> 0.68371467
C31: Pup Joint 3-1/2 VAS #15.5 PPF | K31: ONGC | L31: 3-1/2 VAS | M31: 3-1/2 VAS | N31: 3.5 | O31: 2.54 | P31: 2.96 | Q31: =Q32-P31 -> 48.478 | R31: =Q31+P31 -> 51.438 | U31: =0.0009714*O31*O31*P31*3.281 -> 0.060864418 | V31: =V30+U31 -> 0.74457909
C32: Tubing 3-1/2 VAS #15.5 PPF ( 92 STANDS + 1 single ) | K32: ONGC | L32: 3-1/2 VAS | M32: 3-1/2 VAS | N32: 3.5 | O32: 2.54 | P32: 2670.216 | Q32: =Q33-P32 -> 51.438 | R32: =Q32+P32 -> 2721.654 | T32: =R32*0.1706*11.6 -> 5386.0444 | U32: =0.0009714*O32*O32*P32*3.281 -> 54.905792 | V32: =V31+U32 -> 55.650371
C33: X-OVER 3-1/2" VAS B #15.5 PPF B X 3 -7/8 CAS P | K33: HAL | L33: 3-1/2 VAS | M33: 3-7/8 CAS P | N33: 5 | O33: 2.25 | P33: 0.4 | Q33: =Q34-P33 -> 2721.654 | R33: =Q33+P33 -> 2722.054 | U33: =0.0009714*O33*O33*P33*3.281 -> 0.0064540059 | V33: =V32+U33 -> 55.656825
C34: RA SUB (RA Marker @2719.66 m) | H34: Top | K34: HAL | L34: 3 7/8 CAS B | M34: 3 7/8 CAS P | N34: 5 | O34: 2.25 | P34: 0.2 | Q34: =Q35-P34 -> 2722.054 | R34: =Q34+P34 -> 2722.254 | T34: =R34*0.1706*11.6 -> 5387.2318 | U34: =0.0009714*O34*O34*P34*3.281 -> 0.0032270029 | V34: =V33+U34 -> 55.660052
H35: Bottom | K35: HAL | P35: 0.1 | Q35: =Q36-P35 -> 2722.254 | R35: =Q35+P35 -> 2722.354 | T35: =R35*0.1706*11.6 -> 5387.4297 | U35: =0.0009714*O35*O35*P35*3.281 -> 0 | V35: =V34+U35 -> 55.660052
C36: RM Slip Joint / Close | K36: HAL | L36: 3 7/8'' CAS | M36: 3 7/8'' CAS | N36: 5 | O36: 2.25 | P36: 4.6 | Q36: =Q37-P36 -> 2722.354 | R36: =Q36+P36 -> 2726.954 | U36: =0.0009714*O36*O36*P36*3.281 -> 0.074221068 | V36: =V35+U36 -> 55.734273
C37: RM Slip Joint / Close | K37: HAL | L37: 3 7/8'' CAS | M37: 3 7/8'' CAS | N37: 5 | O37: 2.25 | P37: 5.01 | Q37: =Q38-P37 -> 2726.954 | R37: =Q37+P37 -> 2731.964 | U37: =0.0009714*O37*O37*P37*3.281 -> 0.080836424 | V37: =V36+U37 -> 55.815109
C38: RM Slip Joint / Open | K38: HAL | L38: 3 7/8'' CAS | M38: 3 7/8'' CAS | N38: 5 | O38: 2.25 | P38: 6.1 | Q38: =Q39-P38 -> 2731.964 | R38: =Q38+P38 -> 2738.064 | U38: =0.0009714*O38*O38*P38*3.281 -> 0.09842359 | V38: =V37+U38 -> 55.913533
C39: RM Slip Joint / Open | K39: HAL | L39: 3 7/8'' CAS | M39: 3 7/8'' CAS | N39: 5 | O39: 2.25 | P39: 6.1 | Q39: =Q40-P39 -> 2738.064 | R39: =Q39+P39 -> 2744.164 | U39: =0.0009714*O39*O39*P39*3.281 -> 0.09842359 | V39: =V38+U39 -> 56.011956
C40: X-OVER 3 -7/8 CAS B X 3-1/2" VAS #15.5 PPF P | K40: HAL | L40: 3 7/8'' CAS | M40: 3-1/2 VAS | N40: 5 | O40: 2.25 | P40: 0.48 | Q40: =Q41-P40 -> 2744.164 | R40: =Q40+P40 -> 2744.644 | U40: =0.0009714*O40*O40*P40*3.281 -> 0.0077448071 | V40: =V39+U40 -> 56.019701
C41: 3-1/2" VAS # 15.5 PPF Tubing (33 STANDS) | K41: ONGC | L41: 3-1/2 VAS | M41: 3-1/2 VAS | N41: 3.5 | O41: 2.54 | P41: 947.06 | Q41: =Q42-P41 -> 2744.644 | R41: =Q41+P41 -> 3691.704 | U41: =0.0009714*O41*O41*P41*3.281 -> 19.473735 | V41: =V40+U41 -> 75.493436
C42: X-OVER 3-1/2" VAS #15.5 PPF B X 3 -7/8 CAS P | K42: HAL | L42: 3-1/2 VAS | M42: 3-7/8 CAS P | N42: 5 | O42: 2.25 | P42: 0.4 | Q42: =Q43-P42 -> 3691.704 | R42: =Q42+P42 -> 3692.104 | U42: =0.0009714*O42*O42*P42*3.281 -> 0.0064540059 | V42: =V41+U42 -> 75.49989
C43: RA SUB (RA Marker @ 3692.3 m) | H43: Top | K43: HAL | L43: 3 7/8 CAS B | M43: 3 7/8 CAS P | N43: 5 | O43: 2.25 | P43: 0.2 | Q43: =Q44-P43 -> 3692.104 | R43: =Q43+P43 -> 3692.304 | T43: =R43*0.1706*11.6 -> 7306.9219 | U43: =0.0009714*O43*O43*P43*3.281 -> 0.0032270029 | V43: =V42+U43 -> 75.503117
H44: Bottom | K44: HAL | P44: 0.1 | Q44: =Q45-P44 -> 3692.304 | R44: =Q44+P44 -> 3692.404 | T44: =R44*0.1706*11.6 -> 7307.1198 | U44: =0.0009714*O44*O44*P44*3.281 -> 0 | V44: =V43+U44 -> 75.503117
C45: RD Safety Circ.Valve | H45: O/P = 4400 psi | K45: HAL | L45: 3 7/8'' CAS | M45: 3 7/8'' CAS | N45: 5.03 | O45: 2.25 | P45: 1.73 | Q45: =Q46-P45 -> 3692.404 | R45: =Q45+P45 -> 3694.134 | T45: =R45*0.1706*11.6 -> 7310.5434 | U45: =0.0009714*O45*O45*P45*3.281 -> 0.027913575 | V45: =V44+U45 -> 75.531031
C46: Sleeve Type Drain Valve | K46: HAL | L46: 3 7/8'' CAS | M46: 3 7/8'' CAS | N46: 5.03 | O46: 2.28 | P46: 1.048 | Q46: =Q47-P46 -> 3694.134 | R46: =Q46+P46 -> 3695.182 | T46: =R46*0.1706*11.6 -> 7312.6174 | U46: =0.0009714*O46*O46*P46*3.281 -> 0.017363421 | V46: =V45+U46 -> 75.548394
C47: SAVER SUB - 3-7/8'' CAS B X 3 7/8'' CAS P | K47: HAL | L47: 3 7/8'' CAS | M47: 3 7/8'' CAS | N47: 5 | O47: 2.25 | P47: 1.65 | Q47: =Q48-P47 -> 3695.182 | R47: =Q47+P47 -> 3696.832 | T47: =R47*0.1706*11.6 -> 7315.8827 | U47: =0.0009714*O47*O47*P47*3.281 -> 0.026622774 | V47: =V46+U47 -> 75.575017
C48: OMNI DT CIRCULATING VALVE, Double Chamber | H48: O/P = 1400 psi | K48: HAL | L48: 3 7/8'' CAS | M48: 3 7/8'' CAS | N48: 5.03 | O48: 2.25 | P48: 8.58 | Q48: =Q49-P48 -> 3696.832 | R48: =Q48+P48 -> 3705.412 | T48: =R48*0.1706*11.6 -> 7332.8621 | U48: =0.0009714*O48*O48*P48*3.281 -> 0.13843843 | V48: =V47+U48 -> 75.713455
C49: Sleeve Type Drain Valve | K49: HAL | L49: 3 7/8'' CAS | M49: 3 7/8'' CAS | N49: 5.03 | O49: 2.28 | P49: 1.048 | Q49: =Q50-P49 -> 3705.412 | R49: =Q49+P49 -> 3706.46 | T49: =R49*0.1706*11.6 -> 7334.9361 | U49: =0.0009714*O49*O49*P49*3.281 -> 0.017363421 | V49: =V48+U49 -> 75.730819
C50: Flow Tube- 3-7/8'' CAS B X 3 7/8'' CAS P | K50: HAL | L50: 3 7/8'' CAS | M50: 3 7/8'' CAS | N50: 5 | O50: 2.5 | P50: 2.05 | Q50: =Q51-P50 -> 3706.46 | R50: =Q50+P50 -> 3708.51 | T50: =R50*0.1706*11.6 -> 7338.9929 | U50: =0.0009714*O50*O50*P50*3.281 -> 0.040835531 | V50: =V49+U50 -> 75.771654
C51: Flow Tube- 3-7/8'' CAS B X 3 7/8'' CAS P | K51: HAL | L51: 3 7/8'' CAS | M51: 3 7/8'' CAS | N51: 5 | O51: 2.5 | P51: 2.05 | Q51: =Q52-P51 -> 3708.51 | R51: =Q51+P51 -> 3710.56 | T51: =R51*0.1706*11.6 -> 7343.0498 | U51: =0.0009714*O51*O51*P51*3.281 -> 0.040835531 | V51: =V50+U51 -> 75.81249
C52: SAVER SUB- 3-7/8'' CAS B X 3 7/8'' CAS P | K52: HAL | L52: 3 7/8'' CAS | M52: 3 7/8'' CAS | N52: 5 | O52: 2.25 | P52: 1.7 | Q52: =Q53-P52 -> 3710.56 | R52: =Q52+P52 -> 3712.26 | T52: =R52*0.1706*11.6 -> 7346.414 | U52: =0.0009714*O52*O52*P52*3.281 -> 0.027429525 | V52: =V51+U52 -> 75.839919
C53: Select Tester Valve High Pressure Metering Cartridge | H53: Lock/Unlock 2700 psi Fail Safe Mode 1400 psi | K53: HAL | L53: 3 7/8'' CAS | M53: 3 7/8'' CAS | N53: 5 | O53: 2.25 | P53: 7.27 | Q53: =Q54-P53 -> 3712.26 | R53: =Q53+P53 -> 3719.53 | T53: =R53*0.1706*11.6 -> 7360.8011 | U53: =0.0009714*O53*O53*P53*3.281 -> 0.11730156 | V53: =V52+U53 -> 75.957221
C54: RD Circulating Valve | H54: O/P = 5400 psi | K54: HAL | L54: 3 7/8'' CAS | M54: 3 7/8'' CAS | N54: 5 | O54: 2.25 | P54: 1.09 | Q54: =Q55-P54 -> 3719.53 | R54: =Q54+P54 -> 3720.62 | T54: =R54*0.1706*11.6 -> 7362.9582 | U54: =0.0009714*O54*O54*P54*3.281 -> 0.017587166 | V54: =V53+U54 -> 75.974808
C55: DYNASTRING GAUGE CARRIER | H55: 2ea Electronic Gauges Ported To Tubing 2 each Gauges ported to Annulus | K55: HAL | L55: 3 7/8'' CAS | M55: 3 7/8'' CAS | N55: 5.03 | O55: 2.25 | P55: 6.34 | Q55: =Q56-P55 -> 3720.62 | R55: =Q55+P55 -> 3726.96 | U55: =0.0009714*O55*O55*P55*3.281 -> 0.10229599 | V55: =V54+U55 -> 76.077104
C56: RDTST Valve | H56: O/P = 5000 psi at surface | K56: HAL | L56: 3 7/8'' CAS | M56: 3 7/8'' CAS | N56: 5.25 | O56: 2.25 | P56: 1.53 | Q56: =Q57-P56 -> 3726.96 | R56: =Q56+P56 -> 3728.49 | T56: =R56*0.1706*11.6 -> 7378.5326 | U56: =0.0009714*O56*O56*P56*3.281 -> 0.024686573 | V56: =V55+U56 -> 76.101791
C57: Safety Joint ( 60 K Tension Sleeve) | K57: HAL | L57: 3-7/8" CAS | M57: 3-7/8" CAS | N57: 5 | O57: 2.25 | P57: 1.115 | Q57: =Q58-P57 -> 3728.49 | R57: =Q57+P57 -> 3729.605 | T57: =R57*0.1706*11.6 -> 7380.7391 | U57: =0.0009714*O57*O57*P57*3.281 -> 0.017990541 | V57: =V56+U57 -> 76.119781
C58: 7" XHP CHAMP-V Packer (Top to Center of Packer) | K58: HAL | L58: 3 7/8'' CAS | M58: 3 7/8" CAS | N58: 5.81 | O58: 2.25 | P58: 2.05 | Q58: =Q59-P58 -> 3729.605 | R58: =Q58+P58 -> 3731.655 | T58: =R58*0.1706*11.6 -> 7384.796 | U58: =0.0009714*O58*O58*P58*3.281 -> 0.03307678 | V58: =V57+U58 -> 76.152858
C59: 7" XHP CHAMP-V Packer (Top to Center of Packer) | P59: 1.3 | Q59: =Q60-P59 -> 3731.655 | R59: =Q59+P59 -> 3732.955 | T59: =R59*0.1706*11.6 -> 7387.3686 | U59: =0.0009714*O59*O59*P59*3.281 -> 0 | V59: =V58+U59 -> 76.152858
C60: X-OVER 3 7/8" CAS B X 3-1/2" IF P | K60: HAL | L60: 3 7/8'' CAS | M60: 3-1/2" IF | N60: 5 | O60: 2.25 | P60: 0.46 | Q60: =Q61-P60 -> 3732.955 | R60: =Q60+P60 -> 3733.415 | T60: =R60*0.1706*11.6 -> 7388.2789 | U60: =0.0009714*O60*O60*P60*3.281 -> 0.0074221068 | V60: =V59+U60 -> 76.16028
C61: Vertical Shock Absorber | K61: HAL | L61: 3-1/2" IF | M61: 3-1/2" IF | N61: 5 | O61: 2.25 | P61: 1.485 | Q61: =Q62-P61 -> 3733.415 | R61: =Q61+P61 -> 3734.9 | T61: =R61*0.1706*11.6 -> 7391.2177 | U61: =0.0009714*O61*O61*P61*3.281 -> 0.023960497 | V61: =V60+U61 -> 76.184241
C62: X-OVER 3 1/2" IF BOX X 2-7/8" EUE PIN | K62: HAL | L62: 3-1/2" IF | M62: 2 -7/8" EUE | N62: 5 | O62: 2.25 | P62: 0.4 | Q62: =Q63-P62 -> 3734.9 | R62: =Q62+P62 -> 3735.3 | U62: =0.0009714*O62*O62*P62*3.281 -> 0.0064540059 | V62: =V61+U62 -> 76.190695
C63: FILL DISC ASSEMBLY | K63: HLS | L63: 2 -7/8" EUE | M63: 2 7/8" EUE | N63: 3.78 | O63: 2.44 | P63: 0.22 | Q63: =Q64-P63 -> 3735.3 | R63: =Q63+P63 -> 3735.52 | U63: =0.0009714*O63*O63*P63*3.281 -> 0.0041745211 | V63: =V62+U63 -> 76.194869
C64: 1 Joint 2-7/8" EUE TUBING | K64: ONGC | L64: 2 -7/8" EUE | M64: 2 -7/8" EUE | N64: 3.625 | O64: 2.44 | P64: 9.52 | Q64: =Q65-P64 -> 3735.52 | R64: =Q64+P64 -> 3745.04 | U64: =0.0009714*O64*O64*P64*3.281 -> 0.18064291 | V64: =V63+U64 -> 76.375512
C65: 2 Pup Joint 2-7/8" EUE | K65: HLS | L65: 2 -7/8" EUE | M65: 2 -7/8" EUE | N65: 3.625 | O65: 2.44 | P65: 6.2 | Q65: =Q66-P65 -> 3745.04 | R65: =Q65+P65 -> 3751.24 | U65: =0.0009714*O65*O65*P65*3.281 -> 0.1176456 | V65: =V64+U65 -> 76.493158
C66: BIT /FILL DISC ASSEMBLY | K66: HLS | L66: 2 -7/8" EUE | M66: 2 7/8" EUE | N66: 3.78 | O66: 2.44 | P66: 0.68 | Q66: =Q67-P66 -> 3751.24 | R66: =Q66+P66 -> 3751.92 | U66: =0.0009714*O66*O66*P66*3.281 -> 0.012903065 | V66: =V65+U66 -> 76.506061
C67: 1 Joint 2-7/8" EUE Tubing | K67: ONGC | L67: 2 -7/8" EUE | M67: 2 -7/8" EUE | N67: 3.625 | O67: 2.44 | P67: 9.52 | Q67: =Q68-P67 -> 3751.92 | R67: =Q67+P67 -> 3761.44 | U67: =0.0009714*O67*O67*P67*3.281 -> 0.18064291 | V67: =V66+U67 -> 76.686704
C68: OWEN MECHANICAL FIRING HEAD ASSEMBLY With X-over | K68: HLS | L68: 2 -7/8" EUE | M68: 2.813" 6 P ACME | N68: 3.125 | O68: N/A | P68: 0.86 | Q68: =Q69-P68 -> 3761.44 | R68: =Q68+P68 -> 3762.3
C69: Top Sub | K69: HLS | L69: 2.813" 6 P ACME Pin | M69: 3.938" 6P ACME | N69: 4.5 | O69: N/A | P69: 0.09 | Q69: =Q70-P69 -> 3762.3 | R69: =Q69+P69 -> 3762.39
C70: Safety Spacer | K70: HLS | L70: 3.938" 6P ACME | M70: 3.938" 6P ACME | N70: 4.5 | O70: N/A | P70: 3.61 | Q70: =Q71-P70 -> 3762.39 | R70: =Q70+P70 -> 3766
C71: 4-1/2 " 5 SPF HNS GUNS | K71: HLS | L71: 3.938" 6P ACME | M71: 3.938" 6P ACME | N71: 4.5 | O71: N/A | P71: 6 | Q71: =Q72-P71 -> 3766 | R71: =Q71+P71 -> 3772
C72: Spacer | K72: HLS | L72: 3.938" 6P ACME | M72: 3.938" 6P ACME | N72: 4.5 | O72: N/A | P72: 5 | Q72: =Q73-P72 -> 3772 | R72: =Q72+P72 -> 3777
C73: 4-1/2 " 5 SPF HNS GUNS | K73: HLS | L73: 3.938" 6P ACME | M73: 3.938" 6P ACME | N73: 4.5 | O73: N/A | P73: 6 | Q73: =Q74-P73 -> 3777 | R73: =Q73+P73 -> 3783
C74: Spacer | K74: HLS | L74: 3.938" 6P ACME | M74: 3.938" 6P ACME | N74: 4.5 | O74: N/A | P74: 4 | Q74: =Q75-P74 -> 3783 | R74: =Q74+P74 -> 3787
C75: 4-1/2 " 5 SPF HNS GUNS | K75: HLS | L75: 3.938" 6P ACME | M75: 3.938" 6P ACME | N75: 4.5 | O75: N/A | P75: 4 | Q75: =Q76-P75 -> 3787 | R75: =Q75+P75 -> 3791
C76: Spacer | K76: HLS | L76: 3.938" 6P ACME | M76: 3.938" 6P ACME | N76: 4.5 | O76: N/A | P76: 59 | Q76: =Q77-P76 -> 3791 | R76: =Q76+P76 -> 3850
C77: 4-1/2 " 5 SPF HNS GUNS | K77: HLS | L77: 3.938" 6P ACME | M77: 3.938" 6P ACME | N77: 4.5 | O77: N/A | P77: 4 | Q77: =Q78-P77 -> 3850 | R77: =Q77+P77 -> 3854
C78: Spacer | K78: HLS | L78: 3.938" 6P ACME | M78: 3.938" 6P ACME | N78: 4.5 | O78: N/A | P78: 18 | Q78: =Q79-P78 -> 3854 | R78: =Q78+P78 -> 3872
C79: 4-1/2 " 5 SPF HNS GUNS | K79: HLS | L79: 3.938" 6P ACME | M79: 3.938" 6P ACME | N79: 4.5 | O79: N/A | P79: 3 | Q79: =Q80-P79 -> 3872 | R79: =Q79+P79 -> 3875
C80: Spacer | K80: HLS | L80: 3.938" 6P ACME | M80: 3.938" 6P ACME | N80: 4.5 | O80: N/A | P80: 11 | Q80: =Q81-P80 -> 3875 | R80: =Q80+P80 -> 3886
C81: 4-1/2 " 5 SPF HNS GUNS | K81: HLS | L81: 3.938" 6P ACME | M81: 3.938" 6P ACME | N81: 4.5 | O81: N/A | P81: 3 | Q81: =Q82-P81 -> 3886 | R81: 3889
C82: TOP Sub + Blank Gun | K82: HLS | L82: 3.938" 6P ACME | M82: 2.813" 6 P ACME | N82: 4.5 | O82: N/A | P82: 1.46 | Q82: =Q83-P82 -> 3889 | R82: 3890.46
C83: OWEN PRESSURE ACTUATED ( TDF) FIRING HEAD With X-over | K83: HLS | L83: 2.813" 6 P ACME | M83: 2-7/8" EUE | N83: 3.375 | O83: N/A | P83: 1.04 | Q83: =Q84-P83 -> 3890.46 | R83: =Q83+P83 -> 3891.5
C84: PORTED BULL PLUG | K84: HLS | L84: 2-7/8" EUE | M84: N/A | N84: 3.375 | O84: N/A | P84: 0.23 | Q84: =Q85-P84 -> 3891.5 | R84: =Q84+P84 -> 3891.73
C85: End Of BHA | Q85: 3891.73
C86: Bottom Hole Assembly | R86: =Q85 -> 3891.73
B87: ONGC Co Man | C87: Balaji T | G87: Type of test | I87: CASED HOLE DST | J87: Cushion Type | L87: 6.7 ppg Diesel
B88: ONGC Prod Engineer | C88: Kiran B | G88: DST | I88: 2 | J88: Kill Fluid | L88: 17.2 SOBM | N88: (TBC)
B89: Well Test Supervisor | C89: Unni | G89: Critical Values | J89: Brine weight @ Tools | L89: 17.2 | N89: (Calcium Bromide + Micromax)
B90: DST Supervisor | C90: Avinash Negi | G90: Wear Bushing | J90: Hermetical Test | L90: 9,900 psi | N90: (Sea water)
B91: DST Specialist | C91: Abdul | G91: Casing Collars | I91: 3727.5 - 3738.5 | J91: WF Bouyancy Factor | L91: =(65.45-L89)/65.45 -> 0.73720397
B92: Gauge Specialist | C92: Yogesh | G92: Ctr PKR element | I92: =R58 -> 3731.655 | J92: Exp Formation Pressure | L92: 11,372 psi
B93: TCP Specialist | C93: Divyesh Rao | G93: Perf. Intervals | I93: 3889-3886, 3875-3872 3854-3850, 3791-3787 3783-3777, 3772-3766 | J93: Est. BHT @ Tools STV *F | L93: 340
B94: TCP Specialist | C94: Maniratnam | J94: 7'' LT / @ MD Mtr | L94: 3424
J95: 7'' LC / PBTD @ MD Mtr | L95: 3996

Sheet DST-2  Calc 17.2 ppg
C4: PREPARED BY | E4: Avinash Negi | H4: VERSION | I4: DST 2 | K4: DATE | N4: 45046
A5: ONGC - Offshore
C6: START DATE | E6: =N4 -> 45046 | G6: WELL NAME | I6: D-33#G | L6: LOCATION | N6: Offshore
C7: CLIENT | E7: ONGC | G7: FIELD / LEASE | I7: Mumbai Offshore | L7: RIG TYPE | N7: Jack Up
C8: RIG NAME | E8: GD Chetna | F8: Kill FLUID | I8: 17.2 PPG SOBM | L8: JOB | N8: =I4 -> DST 2
B9: SURFACE TEMPERATURE | E9: 90.0 ⁰F | F9: DOWNHOLE TEMPERATURE | I9: 340.0 ⁰F | K9: FLUID DENSITY | N9: 17.2 PPG Calcium Bromide + Micromax
D11: CASING LIMIT | F11: 4,425 psi
A14: RD SAFETY CIRCULATING VALVE | K14: Notes:
E15: Fluid Weight Used ( ppg ) | F15: 17.2
E16: Tool Depth TVD ( Mtr ) | F16: ='DST-2 -XHP Packer'!R45 -> 3694.134
E17: Hydrostatic Pressure ( Psi) | F17: =F16*3.281*F15*0.052 -> 10840.534
E18: Rupture Disk Burst Value ( Psi ) | F18: 15 K
E19: Temperature Corrected (Psi) | F19: 14900
E20: Surface operating pressure(Psi) | F20: =F19-F17 -> 4059.4663
E21: 2% High | 2% Low (Psi) | F21: =F19+(F19*0.02)-F17 -> 4357.4663 | G21: =F19-(F19*0.02)-F17 -> 3761.4663
E24: RD TST Tubing Tester Valve - 4 PINS:
E26: Bottom Hole Temp ( Deg F ) : | F26: 380 | H26: 380
E27: Fluid Weight Used ( #g ) : | F27: 15.7 | H27: 15.7
E28: Tool Depth TVD ( Mtr ) : | F28: 4360.38 | H28: 4360.38
E29: Hydrostatic Pressure ( Psi): | F29: =F28*3.281*F27*0.052 -> 11679.75 | H29: =H28*3.281*H27*0.052 -> 11679.75
E30: Rupture Disk Burst Value ( Psi ) : | F30: 13.5 | H30: 13.5
E31: Temperature Correted (Psi): | F31: 13100 | H31: 13100
E32: Surface operating pressure(Psi): | F32: =F31-F29 -> 1420.2495 | H32: =H31-H29 -> 1420.2495
E33: 2% High / 2% Low (Psi): | F33: =F31+(F31*0.02)-F29 -> 1682.2495 | G33: =F31-(F31*0.02)-F29 -> 1158.2495 | H33: =H31+(H31*0.02)-H29 -> 1682.2495 | I33: =H31-(H31*0.02)-H29 -> 1158.2495
A35: OMNI CIRCULATING VALVE - DOUBLE CHAMBER | K35: Notes:
C36: Fluid Weight Used ( ppg ) : | F36: 17.2 | K36: 1. N2 Reduction Factor @ 91%. 2. N2 charging pressure base on Single Chamber Charge. 3. Operating pressure as per N2 Calculator 1220 psi.
C37: Tool Depth TVD ( Mtr ) : | F37: ='DST-2 -XHP Packer'!R48 -> 3705.412
C38: Hydrostatic Pressure ( Psi): | F38: =F37*3.281*F36*0.052 -> 10873.629
C39: Nitrogen Charge Pressure( Psi): | F39: 5900
C40: Piston Position Results - Operating: | F40: 19% -37%
C41: Surface operating pressure(Psi): | F41: 1400
C42: Tool Run Positon: | F42: 2.5 | G42: Well Test
E44: SELECT Tester Valve
E46: Bottom Hole Temp ( Deg F ) : | F46: 382 | H46: 382
E47: Fluid Weight Used ( #g ) : | F47: 15.3 | H47: 15.3
E48: Tool Depth TVD ( Mtr ) : | F48: 4999 | H48: 4999
E49: Hydrostatic Pressure ( Psi): | F49: =F48*3.281*F47*0.052 -> 13049.208 | H49: =H48*3.281*H47*0.052 -> 13049.208
E50: Nitrogen Charge Pressure( Psi): | F50: 6217 | H50: 6217
E51: Surface operating pressure(Psi): | F51: 1438 | H51: 1438
E52: Lock Open Operation Pressure (Psi): | F52: 2738 | H52: 2738
E53: Tool Run Positon: | F53: LOCK Open | H53: LOCK Open
E54: Metering Plug Set Up: | F54: 11-14 K PSI | G54: XOX | H54: 11-14 K PSI | I54: XOX
G56: : | I56: :
A59: SELECT TESTER VALVE - Standard Metering Cartridge | K59: Notes:
E60: Fluid Weight Used ( ppg ) : | F60: =F15 -> 17.2 | K60: 1. N2 Reduction Factor @ 91%. 2. Piston Position Results - 18% - 25% -34% 3. Operating pressure as per N2 Calc.1308 / 2608 psi
E61: Tool Depth TVD ( Mtr ) : | F61: ='DST-2 -XHP Packer'!R53 -> 3719.53
E62: Hydrostatic Pressure ( Psi): | F62: =F61*3.281*F60*0.052 -> 10915.059
E63: Nitrogen Charge Pressure( Psi): | F63: 5601
E64: Surface operating pressure(Psi): | F64: 1400
E65: LOCK/UNLOCK operating pressure(Psi): | F65: 2700
E66: Metering Plug Setting: | F66: Closed I Closed l Open
A67: RD CIRCULATING VALVE | K67: Notes:
E68: Fluid Weight Used ( ppg ) : | F68: =F15 -> 17.2
E69: Tool Depth TVD ( Mtr ) : | F69: ='DST-2 -XHP Packer'!Q55 -> 3720.62
E70: Hydrostatic Pressure ( Psi): | F70: =F69*3.281*F68*0.052 -> 10918.258
E71: Rupture Disk Burst Value ( Psi ) : | F71: 16 K
E72: Temperature Corrected (Psi): | F72: 15990
E73: Surface operating pressure(Psi): | F73: =F72-F70 -> 5071.7424
E74: 2% High | 2% Low (Psi) | F74: =F72+(F72*0.02)-F70 -> 5391.5424 | G74: =F72-(F72*0.02)-F70 -> 4751.9424
A77: RDTST VALVE | K77: Notes:
E78: Fluid Weight Used ( ppg ) : | K78: RDTST will be operate on surface prior Closing STV ball for fill up Diesel & pressure testing while RIH.
E79: Tool Depth TVD ( Mtr ) :
E80: Hydrostatic Pressure ( Psi):
E81: Rupture Disk Value | F81: 5 k
E82: Temperature Corrected (Psi):
E83: Surface operating pressure(Psi):
E84: 2% High | 2% Low (Psi)
A89: 7" XHP Champ V Packer - Weight on Packer | K89: Notes:
E90: Fluid Weight Used ( ppg ) : | F90: 17.2
E91: Tubing Length ( Mtr ) : | F91: ='DST-2 -XHP Packer'!P41 -> 947.06
E92: Tubing Poundage ( ppf ): | F92: 15.5
E93: Fluid Boyouncy : | F93: =(65.45-F90)/65.45 -> 0.73720397
E94: Weight on Packer ( Ibs ) : | F94: =F91*3.281*F92*F93 -> 35506.11
E95: Packer Depth | F95: ='DST-2 -XHP Packer'!R58 -> 3731.655
E96: Hydrostatic Pressure ( Psi): | F96: =F90*3.281*0.052*F95 -> 10950.64
A100: Slip Joint Force Calculation
B101: Fluid Weight : | F101: 17.2
C102: Tool Max Pressure ( psi ) : | F102: 5200
C103: Effective Area ( insq ) : | F103: 19.63 | H103: 5 " OD Ramlock
C104: Force Up ( Ibs ) : | F104: =F102*F103 -> 102076
C106: Tubing Length ( Mtr ): | F106: ='DST-2 -XHP Packer'!P32 -> 2670.216
C107: Boyouncy Factor : | F107: =(65.45-F101)/65.45 -> 0.73720397
C108: Tubing Poundage ( ppf ) : | F108: 15.5
C109: Force down ( Ibs ) = | F109: =F106*3.281*F107*F108 -> 100108.74
C110: Flow Head weight (lbs)= | D110: Flow Head weight | F110: 8000
D111: Weight Required ( lbs) | F111: =F109+F110-F104 -> 6032.7386
